n	mean	var
08	0.002725	0.000027
09	0.011701	0.000299
10	0.051294	0.000490
11	0.255234	0.015659
12	1.329439	0.008648
