n	mean	var
08	0.000051	0.000030
09	0.000141	0.000016
10	0.000715	0.000040
11	0.003905	0.000265
12	0.020644	0.000175
