n	mean	var
08	0.001770	0.000030
09	0.007462	0.000646
10	0.033096	0.001520
11	0.160046	0.001340
12	0.846481	0.004702
