n	mean	var
08	0.001709	0.000078
09	0.007132	0.000123
10	0.031647	0.001271
11	0.152616	0.000822
12	0.808940	0.007648
