n	mean	var
08	0.000084	0.000002
09	0.000377	0.000007
10	0.001704	0.000027
11	0.008362	0.000047
12	0.044568	0.000706
