n	mean	var
08	0.000335	0.000063
09	0.000387	0.000041
10	0.000736	0.000087
11	0.002494	0.000136
12	0.010778	0.000640
