n	mean	var
08	0.004821	0.000105
09	0.020608	0.000837
10	0.092407	0.002869
11	0.452338	0.009826
12	2.398434	0.010888
